2017-10-13 01:30:37.388335	https://www.encodeproject.org/report/?type=ReferenceEpigenome&related_datasets.assay_term_name=whole-genome+shotgun+bisulfite+sequencing&assembly=GRCh38&limit=all
ID	Accession	Biosample term	Assay Type	Organism	Target	Biosample	Description	Lab	Project	Status	Target	Linked Antibody	Species	Life stage	Age display	Accession	Treatment	Term ID	Concentration	Concentration units	Duration	Duration units	Synchronization	Post-synchronization time	Post-synchronization time units
/reference-epigenomes/ENCSR880UFN/	ENCSR880UFN	mesendoderm	ChIP-seq,RNA-seq,DNase-seq,whole-genome shotgun bisulfite sequencing	Homo sapiens	Control,H3K4me1,H3K27me3,H2BK120ac,H3K79me2,H3K4ac,H3K27ac,H3K18ac,H3K23ac,H3K9me3,H3K79me1,H2AK5ac,H3K4me3,H2BK5ac,H4K8ac,H3K9ac,H3K4me2,H2BK15ac	mesendoderm	REMC Epigenome (Class 1) for H1 Derived Mesendoderm Cultured Cells using donors/samples:BMP4-03; BMP4-04; BMP4-07; BMP4-08	Anshul Kundaje, Stanford	Roadmap	released	H2BK120ac,H3K4ac,H2BK15ac,Control,H3K4me3,H3K79me2,H3K27ac,H3K23ac,H4K8ac,H3K79me1,H2AK5ac,H3K4me1,H3K18ac,H2BK5ac,H3K9ac,H3K9me3,H3K27me3,H3K4me2	ENCAB000ADX,ENCAB000ADT,ENCAB000AQJ,ENCAB000AQP,ENCAB000ASH,ENCAB000ADS,ENCAB000AOL,ENCAB000ARX,ENCAB000ANX,ENCAB000AON,ENCAB000APA,ENCAB000ANL,ENCAB000AQR,ENCAB000AQK,ENCAB000ASC,ENCAB000ART,ENCAB000ANM,ENCAB000AOP,ENCAB000API	Homo sapiens	embryonic		ENCDO000AAW									
/reference-epigenomes/ENCSR201QAF/	ENCSR201QAF	esophagus	whole-genome shotgun bisulfite sequencing,RNA-seq,ChIP-seq	Homo sapiens	H3K27ac,H3K9me3,Control,H3K4me3,H3K4me1,H3K27me3,H3K36me3	esophagus	REMC Epigenome (Class 2) for Esophagus using donors/samples:STL003	Anshul Kundaje, Stanford	Roadmap	released	Control,H3K4me3,H3K36me3,H3K27ac,H3K4me1,H3K9me3,H3K27me3	ENCAB000ADS,ENCAB000ANX,ENCAB000AQR,ENCAB000ADX,ENCAB000ADT,ENCAB000ADV	Homo sapiens	adult	34 year	ENCDO058AAA									
/reference-epigenomes/ENCSR048ZTL/	ENCSR048ZTL	iPS DF 6.9	transcription profiling by array assay,whole-genome shotgun bisulfite sequencing,ChIP-seq,DNase-seq	Homo sapiens	H3K27me3,Control,H3K27ac,H3K36me3,H3K4me3,H3K9me3,H3K4me1	iPS DF 6.9	REMC Epigenome (Class 2) for iPS DF 6.9 Cells using donors/samples:iPS-6.9-01;iPS-6.9-02	Anshul Kundaje, Stanford	Roadmap	released	H3K4me1,Control,H3K27ac,H3K4me3,H3K9me3,H3K36me3,H3K27me3	ENCAB000ASC,ENCAB000ADS,ENCAB000ADV,ENCAB000ANL,ENCAB000AQR,ENCAB000ANX,ENCAB000ADX	Homo sapiens	newborn		ENCDO592CQV									
/reference-epigenomes/ENCSR297HCQ/	ENCSR297HCQ	trophoblast cell	ChIP-seq,whole-genome shotgun bisulfite sequencing,RNA-seq,DNase-seq	Homo sapiens	H3K27ac,Control,H3K9ac,H3K18ac,H3K23ac,H3K79me2,H3K27me3,H4K12ac,H3K14ac,H3K4me1,H3K4me2,H3K4me3,H3K79me1,H2BK12ac,H2AK5ac,H3K9me3,H2BK120ac,H3K36me3,H4K8ac,H3K4ac,H2AFZ,H2BK5ac,H4K91ac	trophoblast cell	REMC Epigenome (Class 1) for H1 Derived Trophoblast Cultured Cells using donors/samples:BMP4-05 ;BMP4-06; BMP4-09; BMP4-10	Anshul Kundaje, Stanford	Roadmap	released	H3K9ac,H3K4ac,H4K12ac,H3K79me2,H3K27me3,H2AK5ac,H3K14ac,H4K91ac,H2BK12ac,H3K9me3,H3K36me3,H2AFZ,H3K27ac,H2BK120ac,H3K4me3,H2BK5ac,H3K79me1,H3K4me1,Control,H3K23ac,H3K4me2,H4K8ac,H3K18ac	ENCAB000ADS,ENCAB000ANM,ENCAB000AOL,ENCAB000ARX,ENCAB000AQP,ENCAB000ASC,ENCAB000AQT,ENCAB000APH,ENCAB000ADX,ENCAB000AOP,ENCAB000AQR,ENCAB000AOM,ENCAB000AOS,ENCAB000AOZ,ENCAB000ANX,ENCAB000AQJ,ENCAB000ADV,ENCAB000ART,ENCAB000ASH,ENCAB000AOU,ENCAB000AQK,ENCAB000APB,ENCAB000ADT	Homo sapiens	embryonic		ENCDO000AAW									
/reference-epigenomes/ENCSR020SIU/	ENCSR020SIU	large intestine	whole-genome shotgun bisulfite sequencing,RNA-seq,ChIP-seq,DNase-seq	Homo sapiens	H3K4me3,H3K4me1,H3K27ac,H3K36me3,Control,H3K9me3,H3K27me3	large intestine	REMC Epigenome (Class 2) for Fetal Intestine Large using donors/samples:H-24595; H-23769	Anshul Kundaje, Stanford	Roadmap	released	H3K4me1,Control,H3K27ac,H3K4me3,H3K9me3,H3K36me3,H3K27me3	ENCAB000ARB,ENCAB000AQU,ENCAB000AQM,ENCAB000AQW,ENCAB000AQS,ENCAB000ASA	Homo sapiens	embryonic	108 day	ENCDO132ASK,ENCDO119ASK									
/reference-epigenomes/ENCSR993QER/	ENCSR993QER	small intestine	whole-genome shotgun bisulfite sequencing,RNA-seq,ChIP-seq,DNase-seq	Homo sapiens	Control,H3K4me1,H3K27me3,H3K36me3,H3K9me3,H3K27ac,H3K4me3	small intestine	REMC Epigenome (Class 2) for Fetal Intestine Small using donors/samples:H-24595; H-23769	Anshul Kundaje, Stanford	Roadmap	released	H3K4me1,Control,H3K27ac,H3K9me3,H3K4me3,H3K36me3,H3K27me3	ENCAB000AQU,ENCAB000ASA,ENCAB000AQW,ENCAB000AQS,ENCAB000AQM,ENCAB000ARB	Homo sapiens	embryonic	108 day	ENCDO132ASK,ENCDO119ASK									
/reference-epigenomes/ENCSR339JWY/	ENCSR339JWY	skeletal muscle myoblast	RNA-seq,DNase-seq,ChIP-seq,whole-genome shotgun bisulfite sequencing	Homo sapiens	Control,H3K9me3,H3K4me3,H3K27ac,H3K4me1,H3K36me3,H3K27me3	skeletal muscle myoblast	Reference Epigenome of skeletal muscle myoblast	ENCODE Consortium	ENCODE	released	H3K27me3,Control,H3K4me3,H3K9me3,H3K36me3,H3K4me1,H3K27ac	ENCAB000ANX,ENCAB000BLJ,ENCAB000ANA,ENCAB000ADW,ENCAB000ADU,ENCAB000ANB	Homo sapiens	unknown,adult	22 year	ENCDO094AAA,ENCDO335AAA,ENCDO341XKY									
/reference-epigenomes/ENCSR909ZPT/	ENCSR909ZPT	HUES64	ChIP-seq,whole-genome shotgun bisulfite sequencing,RNA-seq	Homo sapiens	H3K9ac,Control,H3K9me3,H3K36me3,H3K27ac,H3K27me3,H3K4me3,H3K4me1	HUES64	REMC Epigenome (Class 2) for HUES64 Cells using donors/samples:196;202;BioSam_825	Anshul Kundaje, Stanford	Roadmap	released	Control,H3K4me3,H3K36me3,H3K27ac,H3K4me1,H3K9ac,H3K9me3,H3K27me3	ENCAB000ANK,ENCAB000APU,ENCAB000ADU,ENCAB000APE,ENCAB000AQN,ENCAB000ASB,ENCAB000BLE,ENCAB000APS	Homo sapiens	embryonic		ENCDO424FTP									
/reference-epigenomes/ENCSR938GXK/	ENCSR938GXK	H1-hESC	microRNA-seq,ChIP-seq,MRE-seq,DNase-seq,RNA-seq,RRBS,whole-genome shotgun bisulfite sequencing,MeDIP-seq	Homo sapiens	H4K20me1,Control,H2BK5ac,H3K4ac,H3K18ac,H3K9me3,H3K27me3,H3K4me3,H3K4me2,H4K8ac,H3K9ac,H3K4me1,H3K36me3,H2BK120ac,H3K27ac,H2BK12ac,Methylcytidine,H2AK5ac,H3K23me2,H4K91ac,H2BK20ac,H3K14ac,H2AFZ,H4K5ac,H3K56ac,H2BK15ac,H3K79me1,H3K79me2,H3K23ac	H1-hESC	REMC Epigenome (Class 1) for H1 Cells using donors/samples:56; 68; 69; 27276; 27277; 35081; 35082; 35083; CDI-01; H1-02; H1-04; H1-05; H1-06; H1-07; H1-09; H1-10; H1-12; H1-13; hESC-01; HS0995; HS0998-1; HS1032-1; HS1345-1; HS1346-1; HS1347-1	Anshul Kundaje, Stanford	Roadmap	released	H3K9ac,H3K4ac,H3K79me2,H3K27me3,H2AK5ac,H4K5ac,H3K14ac,H4K91ac,H3K9me3,H2BK12ac,H3K36me3,H2AFZ,H3K56ac,Methylcytidine,H3K27ac,H2BK120ac,H3K4me3,H2BK5ac,H3K79me1,H4K20me1,H3K4me1,H3K23me2,Control,H2BK20ac,H3K23ac,H3K4me2,H4K8ac,H2BK15ac,H3K18ac	ENCAB000ANZ,ENCAB000AQV,ENCAB000AOT,ENCAB000AQK,ENCAB000ASH,ENCAB000AOL,ENCAB000AOK,ENCAB000APW,ENCAB000ANB,ENCAB000ASB,ENCAB000ASG,ENCAB000APL,ENCAB000ARN,ENCAB000ATA,ENCAB000AQY,ENCAB000ADY,ENCAB000ART,ENCAB000ARL,ENCAB000AOX,ENCAB000ANM,ENCAB000ADX,ENCAB000ARZ,ENCAB000ANK,ENCAB000AQC,ENCAB000APV,ENCAB000AQJ,ENCAB000ARB,ENCAB000ARA,ENCAB000APR,ENCAB000APD,ENCAB000ADS,ENCAB000AOS,ENCAB000ADU,ENCAB000ASN,ENCAB000ASK,ENCAB000ANX,ENCAB000APA,ENCAB000AOY,ENCAB000ASZ,ENCAB000ARM,ENCAB000APB,ENCAB000ARV,ENCAB000ADW,ENCAB000ARU,ENCAB000APG,ENCAB000AOU,ENCAB000ARQ,ENCAB000ARR,ENCAB000ASJ,ENCAB000AQB,ENCAB000ATB,ENCAB000API,ENCAB723WFC,ENCAB000AQE,ENCAB000AON,ENCAB000APU,ENCAB000AOQ,ENCAB000ARX	Homo sapiens	embryonic		ENCDO000AAW									
/reference-epigenomes/ENCSR300AUZ/	ENCSR300AUZ	fibroblast of arm	ChIP-seq,RNA-seq,DNase-seq,whole-genome shotgun bisulfite sequencing,microRNA-seq,microRNA counts	Homo sapiens	H3K36me3,H3K27me3,H3K4me1,H3K4me3,H3K27ac,Control	fibroblast of arm	Reference Epigenome of fibroblast of arm	ENCODE Consortium	ENCODE	released	H3K4me1,Control,H3K27ac,H3K4me3,H3K36me3,H3K27me3	ENCAB000ADU,ENCAB643NJW,ENCAB000APS,ENCAB582RSV,ENCAB000AQN	Homo sapiens	adult	53 year	ENCDO336AAA									
/reference-epigenomes/ENCSR447YYN/	ENCSR447YYN	GM12878	RNA-seq,ChIP-seq,DNase-seq,whole-genome shotgun bisulfite sequencing,microRNA-seq,microRNA counts	Homo sapiens	Control,H3K27me3,H3K36me3,H3K4me3,H3K4me1,H3K9me3,H3K27ac	GM12878	Reference Epigenome of GM12878	ENCODE Consortium	ENCODE	released	H3K4me1,Control,H3K27ac,H3K4me3,H3K9me3,H3K36me3,H3K27me3	ENCAB000ANB,ENCAB000ADU,ENCAB000BLJ,ENCAB000ADW,ENCAB000ANX,ENCAB000ANA	Homo sapiens	adult		ENCDO000AAK									
/reference-epigenomes/ENCSR612NLL/	ENCSR612NLL	K562	RNA-seq,ChIP-seq,whole-genome shotgun bisulfite sequencing,microRNA-seq,microRNA counts,DNase-seq	Homo sapiens	Control,H3K27me3,H3K36me3,H3K4me1,H3K4me3,H3K9me3,H3K27ac	K562	Reference Epigenome of K562	ENCODE Consortium	ENCODE	released	H3K4me1,Control,H3K27ac,H3K4me3,H3K9me3,H3K36me3,H3K27me3	ENCAB000ANC,ENCAB000ADU,ENCAB000ANE,ENCAB000ANG,ENCAB000ANX,ENCAB000ANA	Homo sapiens	adult	53 year	ENCDO000AAD									
/reference-epigenomes/ENCSR521POX/	ENCSR521POX	thymus	whole-genome shotgun bisulfite sequencing,RNA-seq,ChIP-seq	Homo sapiens	H3K9me3,H3K36me3,H3K27me3,H3K4me1,Control,H3K4me3,H3K27ac	thymus	REMC Epigenome (Class 2) for Thymus using donors/samples:STL001	Anshul Kundaje, Stanford	Roadmap	released	Control,H3K4me3,H3K36me3,H3K27ac,H3K4me1,H3K9me3,H3K27me3	ENCAB000ANX,ENCAB000ADV,ENCAB000ADT,ENCAB723WFC,ENCAB000ADX,ENCAB610CEF,ENCAB000AQR,ENCAB000ADS	Homo sapiens	child	3 year	ENCDO478OMA									
/reference-epigenomes/ENCSR752LMU/	ENCSR752LMU	sigmoid colon	RNA-seq,whole-genome shotgun bisulfite sequencing,ChIP-seq	Homo sapiens	H3K27me3,H3K36me3,H3K27ac,H3K9me3,H3K4me1,Control,H3K4me3	sigmoid colon	REMC Epigenome (Class 2) for Sigmoid Colon using donors/samples:STL001;STL003	Anshul Kundaje, Stanford	Roadmap	released	Control,H3K4me3,H3K36me3,H3K27ac,H3K4me1,H3K9me3,H3K27me3	ENCAB000ADT,ENCAB000ADV,ENCAB000ADS,ENCAB000ANX,ENCAB000ADX,ENCAB000AQR	Homo sapiens	adult,child	34 year,3 year	ENCDO058AAA,ENCDO478OMA									
/reference-epigenomes/ENCSR618CDZ/	ENCSR618CDZ	lung	RNA-seq,whole-genome shotgun bisulfite sequencing,ChIP-seq	Homo sapiens	H3K27me3,H3K4me3,H3K36me3,Control,H3K4me1,H3K27ac,H3K9me3	lung	REMC Epigenome (Class 2) for Lung using donors/samples:STL002	Anshul Kundaje, Stanford	Roadmap	released	Control,H3K4me3,H3K36me3,H3K27ac,H3K4me1,H3K9me3,H3K27me3	ENCAB723WFC,ENCAB000ADT,ENCAB000AQR,ENCAB000ADV,ENCAB000ADX,ENCAB000ADS,ENCAB000ANX	Homo sapiens	adult	30 year	ENCDO424HVB									
/reference-epigenomes/ENCSR751IJU/	ENCSR751IJU	right cardiac atrium	whole-genome shotgun bisulfite sequencing,RNA-seq,ChIP-seq	Homo sapiens	Control,H3K4me3,H3K9me3,H3K27me3,H3K4me1,H3K27ac,H3K36me3	right cardiac atrium	REMC Epigenome (Class 2) for Right Atrium using donors/samples:STL003	Anshul Kundaje, Stanford	Roadmap	released	Control,H3K4me3,H3K36me3,H3K27ac,H3K4me1,H3K9me3,H3K27me3	ENCAB000AQR,ENCAB610CEF,ENCAB000ANX,ENCAB723WFC,ENCAB000ADT,ENCAB000ADX,ENCAB000ADS,ENCAB000ADV	Homo sapiens	adult	34 year	ENCDO058AAA									
/reference-epigenomes/ENCSR164GGZ/	ENCSR164GGZ	mesenchymal stem cell	ChIP-seq,RNA-seq,DNase-seq,whole-genome shotgun bisulfite sequencing	Homo sapiens	H3K4ac,H3K18ac,H2AFZ,H3K79me1,H3K9me3,H3K4me3,H3K9ac,H3K14ac,H4K8ac,Control,H3K23ac,H3K27ac,H3K36me3,H2BK120ac,H2BK5ac,H3K27me3,H2BK12ac,H3K4me2,H3K4me1,H2AK5ac,H4K91ac	mesenchymal stem cell	REMC Epigenome (Class 1) for H1 Derived Mesenchymal Stem Cells using donors/samples:MSC-01;MSC-02	Anshul Kundaje, Stanford	Roadmap	released	H3K27me3,H3K4me1,H3K9ac,H2AK5ac,H3K4ac,H3K14ac,Control,H3K27ac,H4K91ac,H3K23ac,H2BK120ac,H3K9me3,H3K4me3,H4K8ac,H3K79me1,H3K36me3,H2BK5ac,H2BK12ac,H3K4me2,H3K18ac,H2AFZ	ENCAB000ASH,ENCAB000AOL,ENCAB000AOU,ENCAB000AOM,ENCAB000ANX,ENCAB000AQR,ENCAB000ANM,ENCAB000ARW,ENCAB000ART,ENCAB000ARX,ENCAB000ADS,ENCAB000ADV,ENCAB000AQJ,ENCAB000AQK,ENCAB000ASC,ENCAB000AOS,ENCAB000AOP,ENCAB000ADX,ENCAB000APA,ENCAB000APB,ENCAB000APH	Homo sapiens	embryonic		ENCDO000AAW									
/reference-epigenomes/ENCSR877RKO/	ENCSR877RKO	aorta	RNA-seq,whole-genome shotgun bisulfite sequencing,ChIP-seq	Homo sapiens	H3K36me3,H3K9me3,H3K27ac,Control,H3K27me3,H3K4me3,H3K4me1	aorta	REMC Epigenome (Class 2) for Aorta using donors/samples:STL003	Anshul Kundaje, Stanford	Roadmap	released	Control,H3K4me3,H3K36me3,H3K27ac,H3K4me1,H3K9me3,H3K27me3	ENCAB000ADV,ENCAB000ANX,ENCAB000ADS,ENCAB000ADT,ENCAB610CEF,ENCAB000AQR,ENCAB000ADX	Homo sapiens	adult	34 year	ENCDO058AAA									
/reference-epigenomes/ENCSR701EOS/	ENCSR701EOS	psoas muscle	RNA-seq,whole-genome shotgun bisulfite sequencing,DNase-seq,ChIP-seq	Homo sapiens	H3K27me3,Control,H3K4me1,H3K4me3,H3K27ac,H3K9me3,H3K36me3	psoas muscle	REMC Epigenome (Class 2) for Psoas Muscle using donors/samples:STL001; STL003	Anshul Kundaje, Stanford	Roadmap	released	H3K4me1,Control,H3K27ac,H3K4me3,H3K9me3,H3K36me3,H3K27me3	ENCAB000ADT,ENCAB000ADX,ENCAB610CEF,ENCAB000AQR,ENCAB000ADS,ENCAB000ANX,ENCAB000ADV	Homo sapiens	adult,child	34 year,3 year	ENCDO058AAA,ENCDO478OMA									
/reference-epigenomes/ENCSR413GKJ/	ENCSR413GKJ	ovary	RNA-seq,whole-genome shotgun bisulfite sequencing,ChIP-seq,DNase-seq	Homo sapiens	H3K4me3,Control,H3K27ac,H3K9me3,H3K36me3,H3K4me1,H3K27me3	ovary	REMC Epigenome (Class 2) for Ovary using donors/samples:STL002	Anshul Kundaje, Stanford	Roadmap	released	H3K4me1,Control,H3K27ac,H3K4me3,H3K9me3,H3K36me3,H3K27me3	ENCAB610CEF,ENCAB000ADS,ENCAB000ANX,ENCAB000ADV,ENCAB000ADX,ENCAB000ADT,ENCAB723WFC	Homo sapiens	adult	30 year	ENCDO424HVB									
/reference-epigenomes/ENCSR589ATA/	ENCSR589ATA	iPS DF 19.11	ChIP-seq,whole-genome shotgun bisulfite sequencing,DNase-seq,transcription profiling by array assay	Homo sapiens	H3K4me1,Control,H3K9me3,H3K27me3,H3K4me3,H3K27ac,H3K36me3	iPS DF 19.11	REMC Epigenome (Class 2) for iPS DF 19.11 Cells using donors/samples:iPS-19.11-01; iPS-19.11-02	Anshul Kundaje, Stanford	Roadmap	released	H3K4me1,Control,H3K27ac,H3K9me3,H3K4me3,H3K36me3,H3K27me3	ENCAB000ADX,ENCAB000ANX,ENCAB000ASC,ENCAB000ADT,ENCAB000ARK,ENCAB000AQR,ENCAB000ADS,ENCAB000ADV	Homo sapiens	newborn		ENCDO592CQV									
/reference-epigenomes/ENCSR820QMS/	ENCSR820QMS	H1-hESC	RNA-seq,DNase-seq,ChIP-seq,whole-genome shotgun bisulfite sequencing,microRNA counts,microRNA-seq	Homo sapiens	H3K27me3,H3K27ac,H3K9me3,H3K4me1,H3K36me3,H3K4me3,Control	H1-hESC	Reference Epigenome of H1-hESC	ENCODE Consortium	ENCODE	released	H3K4me1,Control,H3K27ac,H3K9me3,H3K4me3,H3K36me3,H3K27me3	ENCAB000ANB,ENCAB000ANA,ENCAB000ANX,ENCAB000ADW,ENCAB000ADU,ENCAB000BLJ	Homo sapiens	embryonic		ENCDO000AAW									
/reference-epigenomes/ENCSR857MYG/	ENCSR857MYG	spleen	RNA-seq,whole-genome shotgun bisulfite sequencing,ChIP-seq	Homo sapiens	Control,H3K27me3,H3K27ac,H3K4me3,H3K36me3,H3K4me1,H3K9me3	spleen	REMC Epigenome (Class 2) for Spleen using donors/samples:STL003	Anshul Kundaje, Stanford	Roadmap	released	Control,H3K4me3,H3K36me3,H3K27ac,H3K4me1,H3K9me3,H3K27me3	ENCAB000ADT,ENCAB000ADS,ENCAB000AQR,ENCAB000ADV,ENCAB000ADX,ENCAB000ANX	Homo sapiens	adult	34 year	ENCDO058AAA									
/reference-epigenomes/ENCSR631XRW/	ENCSR631XRW	heart left ventricle	RNA-seq,whole-genome shotgun bisulfite sequencing,ChIP-seq	Homo sapiens	H3K27ac,H3K4me3,H3K36me3,H3K4me1,H3K27me3,H3K9me3,Control	heart left ventricle	REMC Epigenome (Class 2) for Left Ventricle using donors/samples:STL001;STL003	Anshul Kundaje, Stanford	Roadmap	released	Control,H3K4me3,H3K36me3,H3K27ac,H3K4me1,H3K9me3,H3K27me3	ENCAB000ADS,ENCAB000AQR,ENCAB000ADV,ENCAB000ADX,ENCAB000ADT,ENCAB000ANX	Homo sapiens	child,adult	3 year,34 year	ENCDO478OMA,ENCDO058AAA									
/reference-epigenomes/ENCSR596VTT/	ENCSR596VTT	IMR-90	whole-genome shotgun bisulfite sequencing,ChIP-seq,transcription profiling by array assay,DNase-seq	Homo sapiens	H4K8ac,H3K14ac,H3K79me2,H3K79me1,H3K4me1,H2BK20ac,H2BK5ac,H3K9me1,H2AFZ,H4K20me1,Control,H3K27me3,H3K4me2,H2AK9ac,H3K4ac,H3K56ac,H2BK120ac,H3K18ac,H2BK12ac,H2BK15ac,H3K9me3,H3K4me3,H4K5ac,H3K9ac,H3K27ac,H3K23ac,H4K91ac,H2AK5ac,H3K36me3	IMR-90	REMC Epigenome (Class 1) for Fetal Lung Fibroblasts Cell Line using donors/samples:IMR90_r1;IMR90-04;IMR90-05;IMR90-06;IMR90-07	Anshul Kundaje, Stanford	Roadmap	released	H3K9ac,H3K4ac,H3K79me2,H3K27me3,H2AK5ac,H4K5ac,H3K14ac,H4K91ac,H2BK12ac,H3K9me3,H3K36me3,H2AFZ,H3K56ac,H2AK9ac,H3K27ac,H2BK120ac,H3K9me1,H3K4me3,H2BK5ac,H3K79me1,H4K20me1,H3K4me1,Control,H2BK20ac,H3K23ac,H4K8ac,H3K4me2,H2BK15ac,H3K18ac	ENCAB000ARS,ENCAB000ART,ENCAB000ARW,ENCAB000AOQ,ENCAB000AON,ENCAB000APR,ENCAB000ARU,ENCAB000AOO,ENCAB000AOM,ENCAB000AOT,ENCAB000APT,ENCAB000AOU,ENCAB000AQK,ENCAB000ANZ,ENCAB000ASB,ENCAB000ADY,ENCAB000ARP,ENCAB000ASH,ENCAB000ASJ,ENCAB000ASI,ENCAB000AOK,ENCAB000AOS,ENCAB000AOR,ENCAB000APJ,ENCAB000API,ENCAB000ANX,ENCAB000AQR,ENCAB000ATA,ENCAB000ARQ,ENCAB000APV,ENCAB000ADX,ENCAB000AOX,ENCAB000ANM,ENCAB000APD,ENCAB000APC,ENCAB000ARY,ENCAB000APB,ENCAB000AOY,ENCAB000AQC,ENCAB000ADV	Homo sapiens	embryonic	16 week	ENCDO000AAX									
/reference-epigenomes/ENCSR673EAQ/	ENCSR673EAQ	H9	ChIP-seq,whole-genome shotgun bisulfite sequencing,RRBS,DNase-seq	Homo sapiens	H3K4me2,H2AK5ac,H2BK120ac,H2BK5ac,H3K18ac,H3K23ac,H3K4ac,H3K79me1,H4K8ac,H2BK12ac,H3K14ac,H4K91ac,H2AFZ,H2BK15ac,H3K79me2,H2BK20ac,H3K56ac,H4K20me1,H4K5ac,H3K23me2,H3T11ph,H3K9me3,H3K36me3,H3K4me1,H3K4me3,H3K27me3,Control,H3K9ac,H3K27ac	H9	REMC Epigenome (Class 1) for H9 Cells using donors/samples:H9-01;H9-02;H9-04	Anshul Kundaje, Stanford	Roadmap	released	H3K9ac,H3K4ac,H3K79me2,H3K27me3,H2AK5ac,H4K5ac,H3K14ac,H3T11ph,H4K91ac,H2BK12ac,H3K9me3,H3K36me3,H2AFZ,H3K56ac,H3K27ac,H2BK120ac,H3K4me3,H2BK5ac,H3K79me1,H4K20me1,H3K4me1,H3K23me2,Control,H2BK20ac,H3K23ac,H3K4me2,H4K8ac,H2BK15ac,H3K18ac	ENCAB000AOP,ENCAB000APA,ENCAB000AQJ,ENCAB000AOT,ENCAB000AQK,ENCAB000AOL,ENCAB000ARX,ENCAB000ASH,ENCAB000AON,ENCAB000AOM,ENCAB000ART,ENCAB000AOS,ENCAB000APG,ENCAB000APH,ENCAB000APB,ENCAB000AQI,ENCAB000API,ENCAB000AQP,ENCAB000AOQ,ENCAB000ARU,ENCAB000ASJ,ENCAB000ANZ,ENCAB000ARQ,ENCAB000ARR,ENCAB000ASZ,ENCAB000AQQ,ENCAB000ANX,ENCAB000ADV,ENCAB000ADX,ENCAB000ARO,ENCAB000ANL,ENCAB000ASC,ENCAB000ANM,ENCAB000ADS	Homo sapiens	embryonic	5 day	ENCDO222AAA									
/reference-epigenomes/ENCSR217ARS/	ENCSR217ARS	hepatocyte	whole-genome shotgun bisulfite sequencing,ChIP-seq,RNA-seq,DNase-seq	Homo sapiens	Control,H3K27me3,H3K36me3,H3K4me1,H3K4me3,H3K27ac,H3K9me3	hepatocyte	Reference Epigenome of hepatocyte	ENCODE Consortium	ENCODE	released	H3K4me1,Control,H3K27ac,H3K4me3,H3K9me3,H3K36me3,H3K27me3	ENCAB036YAO,ENCAB000ADU,ENCAB000APS,ENCAB582RSV,ENCAB000AQN,ENCAB369JSU	Homo sapiens	embryonic	5 day	ENCDO222AAA									
/reference-epigenomes/ENCSR460EGF/	ENCSR460EGF	mammary epithelial cell	ChIP-seq,DNase-seq,RNA-seq,whole-genome shotgun bisulfite sequencing	Homo sapiens	Control,H3K27me3,H3K4me3,H3K27ac,H3K9me3,H3K36me3,H3K4me1	mammary epithelial cell	Reference Epigenome of mammary epithelial cell	ENCODE Consortium	ENCODE	released	H3K4me1,Control,H3K27ac,H3K4me3,H3K9me3,H3K36me3,H3K27me3	ENCAB000ANB,ENCAB000BLJ,ENCAB000ANA,ENCAB000ANX,ENCAB000ADU,ENCAB000ADW	Homo sapiens	adult,unknown	50 year,23 year	ENCDO830BUW,ENCDO343AAA,ENCDO331AAA,ENCDO344AAA,ENCDO131AAA									
/reference-epigenomes/ENCSR888GEN/	ENCSR888GEN	HepG2	RNA-seq,ChIP-seq,DNase-seq,whole-genome shotgun bisulfite sequencing,microRNA counts	Homo sapiens	Control,H3K27me3,H3K36me3,H3K4me3,H3K4me1,H3K27ac,H3K9me3	HepG2	Reference Epigenome of HepG2	ENCODE Consortium	ENCODE	released	H3K4me1,Control,H3K27ac,H3K4me3,H3K9me3,H3K36me3,H3K27me3	ENCAB000ANB,ENCAB000ADU,ENCAB000BLJ,ENCAB000ADW,ENCAB000ANA,ENCAB000ANX	Homo sapiens	child	15 year	ENCDO000AAC									
/reference-epigenomes/ENCSR377PMZ/	ENCSR377PMZ	endodermal cell	RNA-seq,RRBS,whole-genome shotgun bisulfite sequencing,ChIP-seq	Homo sapiens	H3K4me1,H3K36me3,H3K9ac,H3K27me3,H3K4me3,Control,H3K27ac,H3K9me3	endodermal cell	REMC Epigenome (Class 2) for hESC Derived CD184+ Endoderm Cultured Cells using donors/samples:262;263	Anshul Kundaje, Stanford	Roadmap	released	Control,H3K4me3,H3K36me3,H3K27ac,H3K4me1,H3K9ac,H3K9me3,H3K27me3	ENCAB000APS,ENCAB000ADU,ENCAB000ANK,ENCAB000ASB,ENCAB000BLE,ENCAB000AQN,ENCAB000APU	Homo sapiens	embryonic		ENCDO424FTP									
/reference-epigenomes/ENCSR680KPO/	ENCSR680KPO	ectodermal cell	RNA-seq,ChIP-seq,whole-genome shotgun bisulfite sequencing	Homo sapiens	H3K36me3,H3K27ac,H3K9me3,Control,H3K27me3,H3K4me3,H3K4me1	ectodermal cell	REMC Epigenome (Class 2) for hESC Derived CD56+ Ectoderm Cultured Cells using donors/samples:BioSam_1247;BioSam_1248;BioSam_707	Anshul Kundaje, Stanford	Roadmap	released	Control,H3K4me3,H3K36me3,H3K27ac,H3K4me1,H3K9me3,H3K27me3	ENCAB000ADU,ENCAB000AQN,ENCAB000APY,ENCAB000ASB,ENCAB000BLF,ENCAB000APS	Homo sapiens	embryonic		ENCDO424FTP									
/reference-epigenomes/ENCSR005DUS/	ENCSR005DUS	pancreas	whole-genome shotgun bisulfite sequencing,RNA-seq,DNase-seq,ChIP-seq	Homo sapiens	H3K4me3,H3K36me3,Control,H3K9me3,H3K4me1,H3K27me3,H3K27ac	pancreas	REMC Epigenome (Class 2) for Pancreas using donors/samples:STL003	Anshul Kundaje, Stanford	Roadmap	released	H3K4me1,Control,H3K27ac,H3K4me3,H3K9me3,H3K36me3,H3K27me3	ENCAB000AQR,ENCAB000ADV,ENCAB000ANX,ENCAB000ADX,ENCAB000ADT,ENCAB000ADS	Homo sapiens	adult	34 year	ENCDO058AAA									
/reference-epigenomes/ENCSR539JGB/	ENCSR539JGB	neural stem progenitor cell	ChIP-seq,RNA-seq,whole-genome shotgun bisulfite sequencing,DNase-seq	Homo sapiens	H2BK12ac,H3K9me3,H3K36me3,Control,H4K91ac,H3K27ac,H3K9ac,H4K8ac,H3K4me1,H3K23ac,H3K79me1,H2BK5ac,H3K4me2,H2BK120ac,H3K14ac,H3K4me3,H3K27me3,H2BK15ac,H3K18ac,H3K4ac,H2AK5ac	neural stem progenitor cell	REMC Epigenome (Class 1) for H1 Derived Neuronal Progenitor Cultured Cells using donors/samples:NPC-03;NPC-04;NPC-05;NPC-06	Anshul Kundaje, Stanford	Roadmap	released	H3K4me1,H3K9ac,H2AK5ac,H3K4ac,H3K14ac,Control,H4K91ac,H3K27ac,H3K23ac,H2BK120ac,H2BK12ac,H3K9me3,H4K8ac,H3K36me3,H3K79me1,H2BK5ac,H3K4me2,H3K4me3,H2BK15ac,H3K27me3,H3K18ac	ENCAB000AOS,ENCAB000ANX,ENCAB000ADV,ENCAB000APB,ENCAB000ADS,ENCAB000ANM,ENCAB000ART,ENCAB000ADX,ENCAB000ARX,ENCAB000AOM,ENCAB000AQK,ENCAB000AOP,ENCAB000AQJ,ENCAB000ARW,ENCAB000AQR,ENCAB000ADT,ENCAB000API,ENCAB000AOL,ENCAB000ASH,ENCAB000APA	Homo sapiens	embryonic		ENCDO000AAW									
/reference-epigenomes/ENCSR255LYV/	ENCSR255LYV	stomach	whole-genome shotgun bisulfite sequencing,RNA-seq,ChIP-seq,DNase-seq	Homo sapiens	H3K36me3,Control,H3K27ac,H3K27me3,H3K4me1,H3K9me3,H3K4me3	stomach	REMC Epigenome (Class 2) for Gastric using donors/samples:STL003	Anshul Kundaje, Stanford	Roadmap	released	H3K4me1,Control,H3K27ac,H3K9me3,H3K4me3,H3K36me3,H3K27me3	ENCAB000ADV,ENCAB000ADS,ENCAB000ADT,ENCAB000ADX,ENCAB000ANX,ENCAB000AQR	Homo sapiens	adult	34 year	ENCDO058AAA									
/reference-epigenomes/ENCSR561OQA/	ENCSR561OQA	small intestine	RNA-seq,whole-genome shotgun bisulfite sequencing,DNase-seq,ChIP-seq	Homo sapiens	H3K27ac,H3K4me1,H3K36me3,Control,H3K9me3,H3K4me3,H3K27me3	small intestine	REMC Epigenome (Class 2) for Small Intestine using donors/samples:STL001; STL003	Anshul Kundaje, Stanford	Roadmap	released	H3K4me1,Control,H3K27ac,H3K9me3,H3K4me3,H3K36me3,H3K27me3	ENCAB000ADS,ENCAB000ADX,ENCAB000ADV,ENCAB000ANX,ENCAB000AQR,ENCAB000ADT	Homo sapiens	adult,child	34 year,3 year	ENCDO058AAA,ENCDO478OMA									
/reference-epigenomes/ENCSR970ENS/	ENCSR970ENS	common myeloid progenitor, CD34-positive	ChIP-seq,transcription profiling by array assay,RRBS,RNA-seq,whole-genome shotgun bisulfite sequencing,DNase-seq	Homo sapiens	Control,H3K9me3,H3K27me3,H3K4me1,H3K36me3,H3K27ac,H3K4me3	common myeloid progenitor, CD34-positive	REMC Epigenome (Class 2) for Primary Hematopoietic Stem Cells G-CSF-mobilized Female using donors/samples:RO_01480; RO_01508; RO_01536; RO_01549; UW_RO_01480	Anshul Kundaje, Stanford	Roadmap	released	H3K4me1,Control,H3K27ac,H3K9me3,H3K4me3,H3K36me3,H3K27me3	ENCAB000APU,ENCAB000ASB,ENCAB000ASD,ENCAB000APO,ENCAB000ASN,ENCAB000APE,ENCAB000ASG,ENCAB000BLE,ENCAB000AQF	Homo sapiens	adult	27 year,36 year,33 year	ENCDO707VTH,ENCDO410ZKA,ENCDO441UHQ,ENCDO412QUR									
/reference-epigenomes/ENCSR015MPL/	ENCSR015MPL	heart right ventricle	RNA-seq,whole-genome shotgun bisulfite sequencing,ChIP-seq	Homo sapiens	H3K27ac,Control,H3K4me1,H3K36me3,H3K9me3,H3K27me3,H3K4me3	heart right ventricle	REMC Epigenome (Class 2) for Right Ventricle using donors/samples:STL001;STL003	Anshul Kundaje, Stanford	Roadmap	released	H3K4me1,Control,H3K27ac,H3K9me3,H3K4me3,H3K36me3,H3K27me3	ENCAB000ADS,ENCAB000ADX,ENCAB000ADV,ENCAB000ANX,ENCAB723WFC,ENCAB000ADT,ENCAB610CEF	Homo sapiens	adult,child	34 year,3 year	ENCDO058AAA,ENCDO478OMA									
